assetKey	png
reward-coffee	reward-coffee.png
reward-tea	reward-tea.png
reward-burger-meal	reward-burger-meal.png
reward-noodle-bento	reward-noodle-bento.png
reward-salad	reward-salad.png
reward-brunch	reward-brunch.png
reward-restaurant-meal	reward-restaurant-meal.png
reward-steak	reward-steak.png
reward-buffet-hotpot	reward-buffet-hotpot.png
reward-movie	reward-movie.png
reward-live-show	reward-live-show.png
reward-massage	reward-massage.png
reward-haircare	reward-haircare.png
reward-fitness-class	reward-fitness-class.png
reward-sportswear	reward-sportswear.png
reward-sneakers	reward-sneakers.png
reward-sports-accessory	reward-sports-accessory.png
reward-health-scale	reward-health-scale.png
reward-earbuds	reward-earbuds.png
reward-headphones	reward-headphones.png
reward-airpods	reward-airpods.png
reward-speaker	reward-speaker.png
reward-keycaps	reward-keycaps.png
reward-keyboard	reward-keyboard.png
reward-mouse	reward-mouse.png
reward-desk-setup	reward-desk-setup.png
reward-monitor	reward-monitor.png
reward-office-chair	reward-office-chair.png
reward-storage-drive	reward-storage-drive.png
reward-air-fryer	reward-air-fryer.png
reward-toothbrush	reward-toothbrush.png
reward-home-appliance	reward-home-appliance.png
reward-coffee-machine	reward-coffee-machine.png
reward-air-purifier	reward-air-purifier.png
reward-hair-dryer	reward-hair-dryer.png
reward-fragrance	reward-fragrance.png
reward-skincare	reward-skincare.png
reward-city-ride	reward-city-ride.png
reward-train	reward-train.png
reward-flight	reward-flight.png
reward-hotel	reward-hotel.png
reward-travel	reward-travel.png
reward-camera	reward-camera.png
reward-game-console	reward-game-console.png
reward-tablet	reward-tablet.png
reward-projector	reward-projector.png
reward-bag	reward-bag.png
